genus	species	N	TL	TV	ON	EL	EW	EL_2	EW_2	EV	EV_TV	DAL	TF	TFC	TFC_TF
Drosophila	adunca	3	2.823333333 ± 0.1101514109	22.57439433 ± 2.692645291	NA	NA	NA	NA	NA	NA	NA	NA	NA	NA	NA
Drosophila	anomalipes	3	2.116666667 ± 0.8488423489	12.36723567 ± 10.32568469	NA	NA	NA	NA	NA	NA	NA	NA	NA	NA	NA
Drosophila	atroscutellata	1	1.3	2.197	NA	NA	NA	NA	NA	NA	NA	NA	NA	NA	NA
Drosophila	comatifemora	1	1.77	5.545233	NA	NA	NA	NA	NA	NA	NA	NA	NA	NA	NA
Drosophila	cracens	1	1.26	2.000376	NA	NA	NA	NA	NA	NA	NA	NA	NA	NA	NA
Drosophila	crucigera	1	2.27	11.697083	NA	NA	NA	NA	NA	NA	NA	NA	NA	NA	NA
Drosophila	dasycnemia / waddingtoni	8	1.5375 ± 0.0894027804	3.667248 ± 0.6642389351	NA	NA	NA	NA	NA	NA	NA	NA	NA	NA	NA
Drosophila	diamphidiopoda	1	2.36	13.144256	NA	NA	NA	NA	NA	NA	NA	NA	NA	NA	NA
Drosophila	dissita	1	1.38	2.628072	NA	NA	NA	NA	NA	NA	NA	NA	NA	NA	NA
Drosophila	flavibasis	1	1.09	1.295029	NA	NA	NA	NA	NA	NA	NA	NA	NA	NA	NA
Drosophila	fungiperda	1	1.62	4.251528	NA	NA	NA	NA	NA	NA	NA	NA	NA	NA	NA
Drosophila	glabriapex	1	2.12	9.528128	NA	NA	NA	NA	NA	NA	NA	NA	NA	NA	NA
Drosophila	grimshawi	13	2.288461538 ± 0.153668808	12.13436069 ± 2.419326041	NA	NA	NA	NA	NA	NA	NA	NA	NA	NA	NA
Drosophila	hawaiiensis	5	2.136 ± 0.1264120247	9.8260584 ± 1.64988109	NA	NA	NA	NA	NA	NA	NA	NA	NA	NA	NA
Drosophila	hemipeza	4	2.3675 ± 0.08220908303	13.30637225 ± 1.429522134	NA	NA	NA	NA	NA	NA	NA	NA	NA	NA	NA
Drosophila	heteroneura	5	2.616 ± 0.1013903348	17.9679276 ± 2.171994636	NA	NA	NA	NA	NA	NA	NA	NA	NA	NA	NA
Drosophila	incognita	2	1.765 ± 0.02121320344	5.4995635 ± 0.198256478	NA	NA	NA	NA	NA	NA	NA	NA	NA	NA	NA
Drosophila	kualapa	1	1.3	2.197	NA	NA	NA	NA	NA	NA	NA	NA	NA	NA	NA
Drosophila	melanocephala	5	3.112 ± 0.06140032573	30.1665712 ± 1.806163277	NA	NA	NA	NA	NA	NA	NA	NA	NA	NA	NA
Drosophila	micromyia	1	1.6	4.096	NA	NA	NA	NA	NA	NA	NA	NA	NA	NA	NA
Drosophila	mimica	13	1.788846154 ± 0.09683994196	5.771217257 ± 0.9642042624	NA	NA	NA	NA	NA	NA	NA	NA	NA	NA	NA
Drosophila	mitchelli	3	1.843333333 ± 0.1588500341	6.354912333 ± 1.543081409	NA	NA	NA	NA	NA	NA	NA	NA	NA	NA	NA
Drosophila	nanella	4	1.0275 ± 0.07135591543	1.09658025 ± 0.2277079458	NA	NA	NA	NA	NA	NA	NA	NA	NA	NA	NA
Drosophila	neopicta	2	2.44 ± 0.2121320344	14.691484 ± 3.79362081	NA	NA	NA	NA	NA	NA	NA	NA	NA	NA	NA
Drosophila	neutralis	4	1.4575 ± 0.04924428901	3.10414225 ± 0.315721327	NA	NA	NA	NA	NA	NA	NA	NA	NA	NA	NA
Drosophila	nigella	3	1.856666667 ± 0.1101514109	6.444881667 ± 1.102955362	NA	NA	NA	NA	NA	NA	NA	NA	NA	NA	NA
Drosophila	nr residua	5	1.258 ± 0.06418722614	2.0032486 ± 0.3009675408	NA	NA	NA	NA	NA	NA	NA	NA	NA	NA	NA
Drosophila	ochracea	1	2.3	12.167	NA	NA	NA	NA	NA	NA	NA	NA	NA	NA	NA
Drosophila	papaalai	1	1.12	1.404928	NA	NA	NA	NA	NA	NA	NA	NA	NA	NA	NA
Drosophila	percnosoma	14	1.594285714 ± 0.1527549211	4.154684571 ± 1.136289342	NA	NA	NA	NA	NA	NA	NA	NA	NA	NA	NA
Drosophila	perissopoda / basimacula	24	1.462083333 ± 0.1487916304	3.219757458 ± 1.005165069	NA	NA	NA	NA	NA	NA	NA	NA	NA	NA	NA
Drosophila	petalopeza	1	1.81	5.929741	NA	NA	NA	NA	NA	NA	NA	NA	NA	NA	NA
Drosophila	picticornis	12	1.834166667 ± 0.1244959534	6.249708417 ± 1.313686024	NA	NA	NA	NA	NA	NA	NA	NA	NA	NA	NA
Drosophila	planitibia	6	2.588333333 ± 0.2504728861	17.73602983 ± 4.698472976	NA	NA	NA	NA	NA	NA	NA	NA	NA	NA	NA
Drosophila	prolaticilia	2	1.86 ± 0.01414213562	6.435414 ± 0.1467798114	NA	NA	NA	NA	NA	NA	NA	NA	NA	NA	NA
Drosophila	redunca / prodita	3	1.503333333 ± 0.005773502692	3.397650333 ± 0.03923152814	NA	NA	NA	NA	NA	NA	NA	NA	NA	NA	NA
Drosophila	setosimentum	6	1.996666667 ± 0.1196104789	8.030119667 ± 1.354402512	NA	NA	NA	NA	NA	NA	NA	NA	NA	NA	NA
Drosophila	silvestris	6	2.545 ± 0.1484250653	16.6256785 ± 2.983591396	NA	NA	NA	NA	NA	NA	NA	NA	NA	NA	NA
Drosophila	sproati	1	2.57	16.974593	NA	NA	NA	NA	NA	NA	NA	NA	NA	NA	NA
Drosophila	tanythrix	7	2.245714286 ± 0.2733042958	11.73261429 ± 3.521690392	NA	NA	NA	NA	NA	NA	NA	NA	NA	NA	NA
Drosophila	torula	4	1.63 ± 0.08445906306	4.356733 ± 0.6607480782	NA	NA	NA	NA	NA	NA	NA	NA	NA	NA	NA
Drosophila	unicula	2	1.145 ± 0.007071067812	1.5012095 ± 0.02781121681	NA	NA	NA	NA	NA	NA	NA	NA	NA	NA	NA
Drosophila	villosipedis	5	2.176 ± 0.1335290231	10.3957468 ± 1.861929422	NA	NA	NA	NA	NA	NA	NA	NA	NA	NA	NA
Scaptomyza	ampliloba	1	1.41	2.803221	NA	NA	NA	NA	NA	NA	NA	NA	NA	NA	NA
Scaptomyza	caliginosa	9	0.8444444444 ± 0.0505250213	0.6079711111 ± 0.1118030313	NA	NA	NA	NA	NA	NA	NA	NA	NA	NA	NA
Scaptomyza	chauliodon / magnipalpa)	1	1.66	4.574296	NA	NA	NA	NA	NA	NA	NA	NA	NA	NA	NA
Scaptomyza	devexa	3	0.7533333333 ± 0.03785938897	0.4296653333 ± 0.06279079833	NA	NA	NA	NA	NA	NA	NA	NA	NA	NA	NA
Scaptomyza	hackmani / tumudula	5	1.178 ± 0.2810160138	1.8522758 ± 1.106959245	NA	NA	NA	NA	NA	NA	NA	NA	NA	NA	NA
Scaptomyza	palmae / anomala	10	0.86 ± 0.07601169501	0.64928 ± 0.1624289309	NA	NA	NA	NA	NA	NA	NA	NA	NA	NA	NA
Drosophila	adunca	3	NA	NA	10.66666667 ± 1.154700538	NA	NA	NA	NA	NA	NA	NA	NA	NA	NA
Drosophila	anomalipes	3	NA	NA	34.33333333 ± 5.033222957	NA	NA	NA	NA	NA	NA	NA	NA	NA	NA
Drosophila	atroscutellata	1	NA	NA	18	NA	NA	NA	NA	NA	NA	NA	NA	NA	NA
Drosophila	comatifemora	1	NA	NA	43	NA	NA	NA	NA	NA	NA	NA	NA	NA	NA
Drosophila	cracens	1	NA	NA	13	NA	NA	NA	NA	NA	NA	NA	NA	NA	NA
Drosophila	crucigera	1	NA	NA	37	NA	NA	NA	NA	NA	NA	NA	NA	NA	NA
Drosophila	dasycnemia / waddingtoni	8	NA	NA	12.22375 ± 1.913993115	NA	NA	NA	NA	NA	NA	NA	NA	NA	NA
Drosophila	diamphidiopoda	1	NA	NA	19	NA	NA	NA	NA	NA	NA	NA	NA	NA	NA
Drosophila	dissita	1	NA	NA	13	NA	NA	NA	NA	NA	NA	NA	NA	NA	NA
Drosophila	flavibasis	1	NA	NA	9	NA	NA	NA	NA	NA	NA	NA	NA	NA	NA
Drosophila	fungiperda	1	NA	NA	20	NA	NA	NA	NA	NA	NA	NA	NA	NA	NA
Drosophila	glabriapex	1	NA	NA	53	NA	NA	NA	NA	NA	NA	NA	NA	NA	NA
Drosophila	grimshawi	8	NA	NA	47.75 ± 7.025463889	NA	NA	NA	NA	NA	NA	NA	NA	NA	NA
Drosophila	hawaiiensis	7	NA	NA	37.28571429 ± 2.811540842	NA	NA	NA	NA	NA	NA	NA	NA	NA	NA
Drosophila	hemipeza	11	NA	NA	42.36363636 ± 3.50064929	NA	NA	NA	NA	NA	NA	NA	NA	NA	NA
Drosophila	heteroneura	12	NA	NA	37.08333333 ± 2.968266508	NA	NA	NA	NA	NA	NA	NA	NA	NA	NA
Drosophila	incognita	2	NA	NA	6.5 ± 0.7071067812	NA	NA	NA	NA	NA	NA	NA	NA	NA	NA
Drosophila	kualapa	1	NA	NA	23	NA	NA	NA	NA	NA	NA	NA	NA	NA	NA
Drosophila	melanocephala	4	NA	NA	88.5 ± 6.137317547	NA	NA	NA	NA	NA	NA	NA	NA	NA	NA
Drosophila	micromyia	1	NA	NA	33	NA	NA	NA	NA	NA	NA	NA	NA	NA	NA
Drosophila	mimica	13	NA	NA	23.23076923 ± 2.586949496	NA	NA	NA	NA	NA	NA	NA	NA	NA	NA
Drosophila	mitchelli	3	NA	NA	22.33333333 ± 1.527525232	NA	NA	NA	NA	NA	NA	NA	NA	NA	NA
Drosophila	nanella	4	NA	NA	11.25 ± 2.986078811	NA	NA	NA	NA	NA	NA	NA	NA	NA	NA
Drosophila	neopicta	2	NA	NA	35.5 ± 2.121320344	NA	NA	NA	NA	NA	NA	NA	NA	NA	NA
Drosophila	neutralis	4	NA	NA	14.75 ± 1.707825128	NA	NA	NA	NA	NA	NA	NA	NA	NA	NA
Drosophila	nigella	3	NA	NA	38.33333333 ± 3.785938897	NA	NA	NA	NA	NA	NA	NA	NA	NA	NA
Drosophila	nr residua	5	NA	NA	14.2 ± 1.303840481	NA	NA	NA	NA	NA	NA	NA	NA	NA	NA
Drosophila	ochracea	1	NA	NA	29	NA	NA	NA	NA	NA	NA	NA	NA	NA	NA
Drosophila	papaalai	1	NA	NA	14	NA	NA	NA	NA	NA	NA	NA	NA	NA	NA
Drosophila	percnosoma	14	NA	NA	13.14285714 ± 3.483083136	NA	NA	NA	NA	NA	NA	NA	NA	NA	NA
Drosophila	perissopoda / basimacula	23	NA	NA	12.65217391 ± 2.65618824	NA	NA	NA	NA	NA	NA	NA	NA	NA	NA
Drosophila	petalopeza	1	NA	NA	18	NA	NA	NA	NA	NA	NA	NA	NA	NA	NA
Drosophila	picticornis	12	NA	NA	25.25 ± 4.002839901	NA	NA	NA	NA	NA	NA	NA	NA	NA	NA
Drosophila	planitibia	4	NA	NA	41.75 ± 2.753785274	NA	NA	NA	NA	NA	NA	NA	NA	NA	NA
Drosophila	prolaticilia	2	NA	NA	31 ± 1.414213562	NA	NA	NA	NA	NA	NA	NA	NA	NA	NA
Drosophila	redunca / prodita	3	NA	NA	14.66666667 ± 2.081665999	NA	NA	NA	NA	NA	NA	NA	NA	NA	NA
Drosophila	setosimentum	4	NA	NA	41.25 ± 2.061552813	NA	NA	NA	NA	NA	NA	NA	NA	NA	NA
Drosophila	silvestris	4	NA	NA	48 ± 2.708012802	NA	NA	NA	NA	NA	NA	NA	NA	NA	NA
Drosophila	tanythrix	7	NA	NA	11.57142857 ± 1.397276262	NA	NA	NA	NA	NA	NA	NA	NA	NA	NA
Drosophila	torula	4	NA	NA	13.5 ± 3.31662479	NA	NA	NA	NA	NA	NA	NA	NA	NA	NA
Drosophila	unicula	2	NA	NA	9.5 ± 2.121320344	NA	NA	NA	NA	NA	NA	NA	NA	NA	NA
Drosophila	villosipedis	5	NA	NA	41.4 ± 10.87658034	NA	NA	NA	NA	NA	NA	NA	NA	NA	NA
Scaptomyza	ampliloba	1	NA	NA	8	NA	NA	NA	NA	NA	NA	NA	NA	NA	NA
Scaptomyza	caliginosa	5	NA	NA	2 ± 0	NA	NA	NA	NA	NA	NA	NA	NA	NA	NA
Scaptomyza	chauliodon / magnipalpa)	1	NA	NA	2	NA	NA	NA	NA	NA	NA	NA	NA	NA	NA
Scaptomyza	devexa	3	NA	NA	12 ± 1	NA	NA	NA	NA	NA	NA	NA	NA	NA	NA
Scaptomyza	hackmani / tumudula	5	NA	NA	11 ± 1.414213562	NA	NA	NA	NA	NA	NA	NA	NA	NA	NA
Scaptomyza	palmae / anomala	10	NA	NA	13 ± 2.943920289	NA	NA	NA	NA	NA	NA	NA	NA	NA	NA
Drosophila	adunca	3	NA	NA	NA	1.663333333 ± 0.0513160144	0.4811111112 ± 0.01170628198	0.8316666667 ± 0.0256580072	0.2405555556 ± 0.005853140991	0.2024511511 ± 0.01515147182	NA	NA	NA	NA	NA
Drosophila	anomalipes	1	NA	NA	NA	1.09	0.2205	0.545	0.11025	0.02782621737	NA	NA	NA	NA	NA
Drosophila	atroscutellata	1	NA	NA	NA	0.8331	0.2415	0.41655	0.12075	0.0254530328	NA	NA	NA	NA	NA
Drosophila	comatifemora	1	NA	NA	NA	0.645	0.2	0.3225	0.1	0.013502	NA	NA	NA	NA	NA
Drosophila	cracens	1	NA	NA	NA	0.82	0.33	0.41	0.165	0.04680316534	NA	NA	NA	NA	NA
Drosophila	crucigera	1	NA	NA	NA	0.7988	0.1704	0.3994	0.0852	0.01218	NA	NA	NA	NA	NA
Drosophila	dasycnemia / waddingtoni	5	NA	NA	NA	0.9240866666 ± 0.07810689824	0.2963666666 ± 0.02493502666	0.4620433333 ± 0.03905344912	0.1481833333 ± 0.01246751333	0.04287579289 ± 0.008420667277	NA	NA	NA	NA	NA
Drosophila	diamphidiopoda	1	NA	NA	NA	1.1156	0.3364	0.5578	0.1682	0.0662	NA	NA	NA	NA	NA
Drosophila	dissita	1	NA	NA	NA	0.8191428572	0.2522857142	0.4095714286	0.1261428571	0.02732868138	NA	NA	NA	NA	NA
Drosophila	flavibasis	1	NA	NA	NA	0.6	0.22	0.3	0.11	0.0151976	NA	NA	NA	NA	NA
Drosophila	fungiperda	1	NA	NA	NA	0.668	0.1907	0.334	0.09535	0.01272188653	NA	NA	NA	NA	NA
Drosophila	glabriapex	1	NA	NA	NA	0.752	0.1944	0.376	0.0972	0.01488660603	NA	NA	NA	NA	NA
Drosophila	grimshawi	8	NA	NA	NA	0.750375 ± 0.268813168	0.19111875 ± 0.006559395524	0.3751875 ± 0.134406584	0.095559375 ± 0.003279697762	0.01630175481 ± 0.0007262830983	NA	NA	NA	NA	NA
Drosophila	hawaiiensis	5	NA	NA	NA	0.91288 ± 0.02633385654	0.2221 ± 0.01121338486	0.45644 ± 0.01316692827	0.11105 ± 0.00560669243	0.0236676545 ± 0.002965580461	NA	NA	NA	NA	NA
Drosophila	hemipeza	4	NA	NA	NA	0.87496 ± 0.01603495349	0.221335 ± 0.006182413228	0.43748 ± 0.008017476744	0.1106675 ± 0.003091206614	0.022585 ± 0.001617765949	NA	NA	NA	NA	NA
Drosophila	heteroneura	3	NA	NA	NA	0.8943333334 ± 0.005507570548	0.2276666666 ± 0.002254624876	0.4471666667 ± 0.002753785274	0.1138333333 ± 0.001127312438	0.02432333333 ± 0.0003453018004	NA	NA	NA	NA	NA
Drosophila	kualapa	1	NA	NA	NA	0.828	0.176	0.414	0.088	0.01342252032	NA	NA	NA	NA	NA
Drosophila	melanocephala	3	NA	NA	NA	0.8674333334 ± 0.005573448962	0.18336 ± 0.02474164102	0.4337166667 ± 0.002786724481	0.09168 ± 0.01237082051	0.01635808631 ± 0.002810600886	NA	NA	NA	NA	NA
Drosophila	mimica	5	NA	NA	NA	0.73432 ± 0.01789796078	0.2304 ± 0.02505354266	0.36716 ± 0.008948980389	0.1152 ± 0.01252677133	0.02069246385 ± 0.005086372288	NA	NA	NA	NA	NA
Drosophila	mitchelli	1	NA	NA	NA	0.59284	0.20832	0.29642	0.10416	0.01349739698	NA	NA	NA	NA	NA
Drosophila	nanella	4	NA	NA	NA	0.7458333334 ± 0.03425125034	0.2029166666 ± 0.00343592133	0.3729166667 ± 0.01712562517	0.1014583333 ± 0.001717960665	0.01607069445 ± 0.0004305326107	NA	NA	NA	NA	NA
Drosophila	neopicta	2	NA	NA	NA	1.010833333 ± 0.0223917147	0.2102083334 ± 0.00500867308	0.5054166667 ± 0.01119585735	0.1051041667 ± 0.00250433654	0.02339411514 ± 0.0005768854024	NA	NA	NA	NA	NA
Drosophila	neutralis	4	NA	NA	NA	0.7796583334 ± 0.02074791156	0.2613916666 ± 0.02253541038	0.3898291667 ± 0.01037395578	0.1306958333 ± 0.01126770519	0.02808827382 ± 0.004903663553	NA	NA	NA	NA	NA
Drosophila	nigella	3	NA	NA	NA	0.6593333334 ± 0.01101514109	0.2095333334 ± 0.01600791471	0.3296666667 ± 0.005507570547	0.1047666667 ± 0.008003957355	0.01519611234 ± 0.002132519432	NA	NA	NA	NA	NA
Drosophila	nr residua	4	NA	NA	NA	0.7618333334 ± 0.03870256954	0.2225 ± 0.01892969449	0.3809166667 ± 0.01935128477	0.11125 ± 0.009464847243	0.01979051289 ± 0.002419477668	NA	NA	NA	NA	NA
Drosophila	ochracea	1	NA	NA	NA	0.9924	0.244	0.4962	0.122	0.03094841776	NA	NA	NA	NA	NA
Drosophila	percnosoma	10	NA	NA	NA	0.98479 ± 0.1046514097	0.3034166666 ± 0.04609405642	0.492395 ± 0.05232570483	0.1517083333 ± 0.02304702821	0.04957973884 ± 0.01715787094	NA	NA	NA	NA	NA
Drosophila	perissopoda / basimacula	12	NA	NA	NA	0.8909652778 ± 0.06890737688	0.2782319444 ± 0.03459278436	0.4454826389 ± 0.03445368844	0.1391159722 ± 0.01729639218	0.03680665522 ± 0.009927722449	NA	NA	NA	NA	NA
Drosophila	petalopeza	1	NA	NA	NA	0.795	0.2955	0.3975	0.14775	0.03644408553	NA	NA	NA	NA	NA
Drosophila	picticornis	9	NA	NA	NA	0.838962963 ± 0.02242050428	0.2320481482 ± 0.01176174488	0.4194814815 ± 0.01121025214	0.1160240741 ± 0.005880872439	0.02372875778 ± 0.002385493493	NA	NA	NA	NA	NA
Drosophila	planitibia	4	NA	NA	NA	0.8363333334 ± 0.09713602528	0.22 ± 0.01578560059	0.4181666667 ± 0.04856801264	0.11 ± 0.007892800297	0.02154802846 ± 0.005252574743	NA	NA	NA	NA	NA
Drosophila	prolaticilia	2	NA	NA	NA	0.91125 ± 0.03075914498	0.23475 ± 0.0003535533906	0.455625 ± 0.01537957249	0.117375 ± 0.0001767766953	0.02634438596 ± 0.00101439619	NA	NA	NA	NA	NA
Drosophila	redunca / prodita	3	NA	NA	NA	0.7198666666 ± 0.01895397935	0.2384666666 ± 0.0126749096	0.3599333333 ± 0.009476989677	0.1192333333 ± 0.006337454799	0.02153032597 ± 0.002775971872	NA	NA	NA	NA	NA
Drosophila	setosimentum	4	NA	NA	NA	0.8664 ± 0.02098825068	0.22755 ± 0.00464865572	0.4332 ± 0.01049412534	0.113775 ± 0.00232432786	0.02350855525 ± 0.001468535145	NA	NA	NA	NA	NA
Drosophila	silvestris	6	NA	NA	NA	0.910688889 ± 0.0213817229	0.2393222222 ± 0.01156680435	0.4553444445 ± 0.01069086145	0.1196611111 ± 0.005783402176	0.02752959203 ± 0.002975611118	NA	NA	NA	NA	NA
Drosophila	tanythrix	6	NA	NA	NA	1.27882 ± 0.05133567336	0.4255323334 ± 0.0399997572	0.63941 ± 0.02566783668	0.2127661667 ± 0.0199998786	0.1213866667 ± 0.03095920649	NA	NA	NA	NA	NA
Drosophila	torula	3	NA	NA	NA	0.9085333334 ± 0.006530951946	0.3095 ± 0.01648484152	0.4542666667 ± 0.003265475973	0.15475 ± 0.008242420761	0.0457311998 ± 0.005089326537	NA	NA	NA	NA	NA
Drosophila	unicula	2	NA	NA	NA	0.727 ± 0.0009428089474	0.243 ± 0.01697056275	0.3635 ± 0.0004714044737	0.1215 ± 0.008485281374	0.02254302119 ± 0.003087401207	NA	NA	NA	NA	NA
Drosophila	villosipedis	3	NA	NA	NA	0.8997777778 ± 0.026458738	0.2292222222 ± 0.006619275966	0.4498888889 ± 0.013229369	0.1146111111 ± 0.003309637983	0.02487471832 ± 0.002064527217	NA	NA	NA	NA	NA
Scaptomyza	ampliloba	1	NA	NA	NA	0.82	0.3	0.41	0.15	0.038622	NA	NA	NA	NA	NA
Scaptomyza	caliginosa	4	NA	NA	NA	0.8001666666 ± 0.147690743	0.3558333334 ± 0.132101392	0.4000833333 ± 0.07384537149	0.1779166667 ± 0.06605069602	0.06371446812 ± 0.0485989884	NA	NA	NA	NA	NA
Scaptomyza	devexa	1	NA	NA	NA	0.5613333334	0.244	0.2806666667	0.122	0.01754995961	NA	NA	NA	NA	NA
Scaptomyza	hackmani / tumudula	5	NA	NA	NA	0.7446 ± 0.1265140308	0.2498333334 ± 0.0510503564	0.3723 ± 0.06325701542	0.1249166667 ± 0.0255251782	0.03130124941 ± 0.007302420041	NA	NA	NA	NA	NA
Scaptomyza	palmae / anomala	5	NA	NA	NA	0.50832 ± 0.01721532906	0.1941466667 ± 0.02729218044	0.25416 ± 0.00860766453	0.09707333334 ± 0.01364609022	0.01013270872 ± 0.002626165927	NA	NA	NA	NA	NA
Drosophila	adunca	3	NA	NA	NA	NA	NA	NA	NA	NA	0.00907230097 ± 0.001469076032	NA	NA	NA	NA
Drosophila	atroscutellata	1	NA	NA	NA	NA	NA	NA	NA	NA	0.01158535858	NA	NA	NA	NA
Drosophila	comatifemora	1	NA	NA	NA	NA	NA	NA	NA	NA	0.002434884161	NA	NA	NA	NA
Drosophila	cracens	1	NA	NA	NA	NA	NA	NA	NA	NA	0.023397184	NA	NA	NA	NA
Drosophila	crucigera	1	NA	NA	NA	NA	NA	NA	NA	NA	0.00104	NA	NA	NA	NA
Drosophila	dasycnemia / waddingtoni	5	NA	NA	NA	NA	NA	NA	NA	NA	0.01118509346 ± 0.002650515528	NA	NA	NA	NA
Drosophila	diamphidiopoda	1	NA	NA	NA	NA	NA	NA	NA	NA	0.005036	NA	NA	NA	NA
Drosophila	dissita	1	NA	NA	NA	NA	NA	NA	NA	NA	0.01039875672	NA	NA	NA	NA
Drosophila	flavibasis	1	NA	NA	NA	NA	NA	NA	NA	NA	0.01173533566	NA	NA	NA	NA
Drosophila	fungiperda	1	NA	NA	NA	NA	NA	NA	NA	NA	0.002992309243	NA	NA	NA	NA
Drosophila	glabriapex	1	NA	NA	NA	NA	NA	NA	NA	NA	0.001562385185	NA	NA	NA	NA
Drosophila	grimshawi	8	NA	NA	NA	NA	NA	NA	NA	NA	0.001531911625 ± 0.0002885922755	NA	NA	NA	NA
Drosophila	hawaiiensis	5	NA	NA	NA	NA	NA	NA	NA	NA	0.002455424089 ± 0.0004352617585	NA	NA	NA	NA
Drosophila	hemipeza	4	NA	NA	NA	NA	NA	NA	NA	NA	0.001701968548 ± 6.41E-05	NA	NA	NA	NA
Drosophila	heteroneura	3	NA	NA	NA	NA	NA	NA	NA	NA	0.001295072971 ± 0.0001432794792	NA	NA	NA	NA
Drosophila	kualapa	1	NA	NA	NA	NA	NA	NA	NA	NA	0.006109476705	NA	NA	NA	NA
Drosophila	melanocephala	3	NA	NA	NA	NA	NA	NA	NA	NA	0.0005445429661 ± 0.0001181452222	NA	NA	NA	NA
Drosophila	mimica	5	NA	NA	NA	NA	NA	NA	NA	NA	0.003709124129 ± 0.0009025664443	NA	NA	NA	NA
Drosophila	mitchelli	1	NA	NA	NA	NA	NA	NA	NA	NA	0.00295070476	NA	NA	NA	NA
Drosophila	nanella	4	NA	NA	NA	NA	NA	NA	NA	NA	0.01508134425 ± 0.002747782659	NA	NA	NA	NA
Drosophila	neopicta	2	NA	NA	NA	NA	NA	NA	NA	NA	0.001652521224 ± 0.000465979088	NA	NA	NA	NA
Drosophila	neutralis	4	NA	NA	NA	NA	NA	NA	NA	NA	0.009170249524 ± 0.002220639147	NA	NA	NA	NA
Drosophila	nigella	3	NA	NA	NA	NA	NA	NA	NA	NA	0.002382432281 ± 0.0003166190619	NA	NA	NA	NA
Drosophila	nr residua	4	NA	NA	NA	NA	NA	NA	NA	NA	0.01055230684 ± 0.002773305309	NA	NA	NA	NA
Drosophila	ochracea	1	NA	NA	NA	NA	NA	NA	NA	NA	0.002543635881	NA	NA	NA	NA
Drosophila	percnosoma	8	NA	NA	NA	NA	NA	NA	NA	NA	0.01221370197 ± 0.003518444766	NA	NA	NA	NA
Drosophila	perissopoda / basimacula	12	NA	NA	NA	NA	NA	NA	NA	NA	0.01129663949 ± 0.003531546558	NA	NA	NA	NA
Drosophila	petalopeza	1	NA	NA	NA	NA	NA	NA	NA	NA	0.006145982688	NA	NA	NA	NA
Drosophila	picticornis	9	NA	NA	NA	NA	NA	NA	NA	NA	0.003948488818 ± 0.0008189748015	NA	NA	NA	NA
Drosophila	planitibia	4	NA	NA	NA	NA	NA	NA	NA	NA	0.001306343556 ± 0.0001416536501	NA	NA	NA	NA
Drosophila	prolaticilia	2	NA	NA	NA	NA	NA	NA	NA	NA	0.004096521423 ± 0.0002510612106	NA	NA	NA	NA
Drosophila	redunca / prodita	3	NA	NA	NA	NA	NA	NA	NA	NA	0.006343489672 ± 0.0008832802212	NA	NA	NA	NA
Drosophila	setosimentum	4	NA	NA	NA	NA	NA	NA	NA	NA	0.002691002925 ± 0.0003272668012	NA	NA	NA	NA
Drosophila	silvestris	2	NA	NA	NA	NA	NA	NA	NA	NA	0.001271570554 ± 2.89E-05	NA	NA	NA	NA
Drosophila	tanythrix	6	NA	NA	NA	NA	NA	NA	NA	NA	0.009366333333 ± 0.001687559382	NA	NA	NA	NA
Drosophila	torula	2	NA	NA	NA	NA	NA	NA	NA	NA	0.01051777713 ± 0.001177759832	NA	NA	NA	NA
Drosophila	unicula	2	NA	NA	NA	NA	NA	NA	NA	NA	0.01500009627 ± 0.00177871928	NA	NA	NA	NA
Drosophila	villosipedis	3	NA	NA	NA	NA	NA	NA	NA	NA	0.002548139609 ± 0.0004144719824	NA	NA	NA	NA
Scaptomyza	ampliloba	1	NA	NA	NA	NA	NA	NA	NA	NA	0.01377772213	NA	NA	NA	NA
Scaptomyza	caliginosa	4	NA	NA	NA	NA	NA	NA	NA	NA	0.1109390043 ± 0.09756107941	NA	NA	NA	NA
Scaptomyza	devexa	1	NA	NA	NA	NA	NA	NA	NA	NA	0.04903442367	NA	NA	NA	NA
Scaptomyza	hackmani / tumudula	5	NA	NA	NA	NA	NA	NA	NA	NA	0.02387154071 ± 0.01601055321	NA	NA	NA	NA
Scaptomyza	palmae / anomala	5	NA	NA	NA	NA	NA	NA	NA	NA	0.01482995808 ± 0.006349459256	NA	NA	NA	NA
Drosophila	adunca	3	NA	NA	NA	NA	NA	NA	NA	NA	NA	1.456666667 ± 0.2458319209	NA	NA	NA
Drosophila	anomalipes	1	NA	NA	NA	NA	NA	NA	NA	NA	NA	3.9	NA	NA	NA
Drosophila	atroscutellata	1	NA	NA	NA	NA	NA	NA	NA	NA	NA	0.98	NA	NA	NA
Drosophila	comatifemora	1	NA	NA	NA	NA	NA	NA	NA	NA	NA	0.45	NA	NA	NA
Drosophila	cracens	1	NA	NA	NA	NA	NA	NA	NA	NA	NA	0.57	NA	NA	NA
Drosophila	crucigera	1	NA	NA	NA	NA	NA	NA	NA	NA	NA	1.52	NA	NA	NA
Drosophila	dasycnemia / waddingtoni	5	NA	NA	NA	NA	NA	NA	NA	NA	NA	0.964 ± 0.1876965636	NA	NA	NA
Drosophila	diamphidiopoda	1	NA	NA	NA	NA	NA	NA	NA	NA	NA	1.12	NA	NA	NA
Drosophila	dissita	1	NA	NA	NA	NA	NA	NA	NA	NA	NA	0.76	NA	NA	NA
Drosophila	fungiperda	1	NA	NA	NA	NA	NA	NA	NA	NA	NA	0.2	NA	NA	NA
Drosophila	glabriapex	1	NA	NA	NA	NA	NA	NA	NA	NA	NA	0.69	NA	NA	NA
Drosophila	grimshawi	4	NA	NA	NA	NA	NA	NA	NA	NA	NA	1.6925 ± 0.07135591543	NA	NA	NA
Drosophila	hawaiiensis	5	NA	NA	NA	NA	NA	NA	NA	NA	NA	1.79 ± 0.06519202405	NA	NA	NA
Drosophila	kualapa	1	NA	NA	NA	NA	NA	NA	NA	NA	NA	1.84	NA	NA	NA
Drosophila	melanocephala	3	NA	NA	NA	NA	NA	NA	NA	NA	NA	1.253333333 ± 0.05686240703	NA	NA	NA
Drosophila	mimica	5	NA	NA	NA	NA	NA	NA	NA	NA	NA	0.502 ± 0.05974947699	NA	NA	NA
Drosophila	mitchelli	1	NA	NA	NA	NA	NA	NA	NA	NA	NA	0.36	NA	NA	NA
Drosophila	nanella	4	NA	NA	NA	NA	NA	NA	NA	NA	NA	1.0225 ± 0.1934554212	NA	NA	NA
Drosophila	neopicta	1	NA	NA	NA	NA	NA	NA	NA	NA	NA	1.98	NA	NA	NA
Drosophila	neutralis	4	NA	NA	NA	NA	NA	NA	NA	NA	NA	0.8975 ± 0.08261355821	NA	NA	NA
Drosophila	nigella	3	NA	NA	NA	NA	NA	NA	NA	NA	NA	0.1666666667 ± 0.005773502692	NA	NA	NA
Drosophila	nr residua	4	NA	NA	NA	NA	NA	NA	NA	NA	NA	0.8325 ± 0.2417126393	NA	NA	NA
Drosophila	ochracea	1	NA	NA	NA	NA	NA	NA	NA	NA	NA	2.63	NA	NA	NA
Drosophila	percnosoma	10	NA	NA	NA	NA	NA	NA	NA	NA	NA	1.083 ± 0.2567770325	NA	NA	NA
Drosophila	perissopoda / basimacula	10	NA	NA	NA	NA	NA	NA	NA	NA	NA	0.96 ± 0.2579405616	NA	NA	NA
Drosophila	petalopeza	1	NA	NA	NA	NA	NA	NA	NA	NA	NA	0.03	NA	NA	NA
Drosophila	picticornis	8	NA	NA	NA	NA	NA	NA	NA	NA	NA	1.40875 ± 0.04051013982	NA	NA	NA
Drosophila	planitibia	4	NA	NA	NA	NA	NA	NA	NA	NA	NA	1.0475 ± 0.6434995467	NA	NA	NA
Drosophila	prolaticilia	2	NA	NA	NA	NA	NA	NA	NA	NA	NA	0.93 ± 0.1272792206	NA	NA	NA
Drosophila	redunca / prodita	3	NA	NA	NA	NA	NA	NA	NA	NA	NA	0.8733333333 ± 0.08144527815	NA	NA	NA
Drosophila	setosimentum	4	NA	NA	NA	NA	NA	NA	NA	NA	NA	0.8025 ± 0.05737304826	NA	NA	NA
Drosophila	silvestris	2	NA	NA	NA	NA	NA	NA	NA	NA	NA	1.575 ± 0.07778174593	NA	NA	NA
Drosophila	tanythrix	7	NA	NA	NA	NA	NA	NA	NA	NA	NA	1.267142857 ± 0.06237368187	NA	NA	NA
Drosophila	torula	4	NA	NA	NA	NA	NA	NA	NA	NA	NA	1.01 ± 0.01825741858	NA	NA	NA
Drosophila	unicula	2	NA	NA	NA	NA	NA	NA	NA	NA	NA	0.52 ± 0.01414213562	NA	NA	NA
Drosophila	villosipedis	4	NA	NA	NA	NA	NA	NA	NA	NA	NA	1.575 ± 0.1674315781	NA	NA	NA
Scaptomyza	ampliloba	1	NA	NA	NA	NA	NA	NA	NA	NA	NA	0.04	NA	NA	NA
Scaptomyza	caliginosa	4	NA	NA	NA	NA	NA	NA	NA	NA	NA	0.02 ± 0.02828427125	NA	NA	NA
Scaptomyza	devexa	1	NA	NA	NA	NA	NA	NA	NA	NA	NA	0.03	NA	NA	NA
Scaptomyza	hackmani / tumudula	5	NA	NA	NA	NA	NA	NA	NA	NA	NA	0.302 ± 0.4975138189	NA	NA	NA
Scaptomyza	palmae / anomala	7	NA	NA	NA	NA	NA	NA	NA	NA	NA	0.06714285714 ± 0.07674943772	NA	NA	NA
Drosophila	grimshawi	5	NA	NA	NA	NA	NA	NA	NA	NA	NA	NA	20.2 ± 3.962322551	NA	NA
Drosophila	hawaiiensis	3	NA	NA	NA	NA	NA	NA	NA	NA	NA	NA	17.66666667 ± 2.081665999	NA	NA
Drosophila	hemipeza	1	NA	NA	NA	NA	NA	NA	NA	NA	NA	NA	9	NA	NA
Drosophila	mimica	2	NA	NA	NA	NA	NA	NA	NA	NA	NA	NA	11 ± 1.414213562	NA	NA
Drosophila	mitchelli	2	NA	NA	NA	NA	NA	NA	NA	NA	NA	NA	11.5 ± 0.7071067812	NA	NA
Drosophila	perissopoda / basimacula	8	NA	NA	NA	NA	NA	NA	NA	NA	NA	NA	7 ± 0.5345224838	NA	NA
Drosophila	picticornis	2	NA	NA	NA	NA	NA	NA	NA	NA	NA	NA	13 ± 2.828427125	NA	NA
Drosophila	planitibia	1	NA	NA	NA	NA	NA	NA	NA	NA	NA	NA	21	NA	NA
Drosophila	setosimentum	2	NA	NA	NA	NA	NA	NA	NA	NA	NA	NA	19 ± 2.828427125	NA	NA
Drosophila	silvestris	1	NA	NA	NA	NA	NA	NA	NA	NA	NA	NA	18	NA	NA
Drosophila	tanythrix	4	NA	NA	NA	NA	NA	NA	NA	NA	NA	NA	5.75 ± 0.9574271078	NA	NA
Drosophila	villosipedis	4	NA	NA	NA	NA	NA	NA	NA	NA	NA	NA	21.75 ± 1.258305739	NA	NA
Scaptomyza	caliginosa	2	NA	NA	NA	NA	NA	NA	NA	NA	NA	NA	2 ± 0	NA	NA
Scaptomyza	palmae / anomala	2	NA	NA	NA	NA	NA	NA	NA	NA	NA	NA	6 ± 0	NA	NA
Drosophila	grimshawi	8	NA	NA	NA	NA	NA	NA	NA	NA	NA	NA	NA	193.4675 ± 57.88943174	NA
Drosophila	hawaiiensis	3	NA	NA	NA	NA	NA	NA	NA	NA	NA	NA	NA	167.9666667 ± 33.86035046	NA
Drosophila	hemipeza	1	NA	NA	NA	NA	NA	NA	NA	NA	NA	NA	NA	59.4	NA
Drosophila	mimica	2	NA	NA	NA	NA	NA	NA	NA	NA	NA	NA	NA	82.4 ± 9.050966799	NA
Drosophila	mitchelli	2	NA	NA	NA	NA	NA	NA	NA	NA	NA	NA	NA	89.5 ± 0.9899494937	NA
Drosophila	perissopoda / basimacula	8	NA	NA	NA	NA	NA	NA	NA	NA	NA	NA	NA	62.5875 ± 8.409890011	NA
Drosophila	picticornis	9	NA	NA	NA	NA	NA	NA	NA	NA	NA	NA	NA	144.8355556 ± 17.48434665	NA
Drosophila	planitibia	1	NA	NA	NA	NA	NA	NA	NA	NA	NA	NA	NA	205.8	NA
Drosophila	setosimentum	3	NA	NA	NA	NA	NA	NA	NA	NA	NA	NA	NA	186.9 ± 20.62546969	NA
Drosophila	silvestris	2	NA	NA	NA	NA	NA	NA	NA	NA	NA	NA	NA	216 ± 48.36610383	NA
Drosophila	tanythrix	4	NA	NA	NA	NA	NA	NA	NA	NA	NA	NA	NA	61.05 ± 13.69586312	NA
Drosophila	villosipedis	6	NA	NA	NA	NA	NA	NA	NA	NA	NA	NA	NA	218.0083333 ± 14.92462451	NA
Scaptomyza	caliginosa	2	NA	NA	NA	NA	NA	NA	NA	NA	NA	NA	NA	15.5 ± 0.7071067812	NA
Scaptomyza	palmae / anomala	2	NA	NA	NA	NA	NA	NA	NA	NA	NA	NA	NA	56.5 ± 9.192388155	NA
Drosophila	grimshawi	8	NA	NA	NA	NA	NA	NA	NA	NA	NA	NA	NA	NA	9.575 ± 1.385382876
Drosophila	hawaiiensis	4	NA	NA	NA	NA	NA	NA	NA	NA	NA	NA	NA	NA	9.85 ± 1.144552314
Drosophila	hemipeza	2	NA	NA	NA	NA	NA	NA	NA	NA	NA	NA	NA	NA	8.3 ± 2.404163056
Drosophila	mimica	2	NA	NA	NA	NA	NA	NA	NA	NA	NA	NA	NA	NA	7.5 ± 0.1414213562
Drosophila	mitchelli	2	NA	NA	NA	NA	NA	NA	NA	NA	NA	NA	NA	NA	7.8 ± 0.5656854249
Drosophila	perissopoda / basimacula	8	NA	NA	NA	NA	NA	NA	NA	NA	NA	NA	NA	NA	8.9625 ± 1.187659764
Drosophila	picticornis	9	NA	NA	NA	NA	NA	NA	NA	NA	NA	NA	NA	NA	11.17777778 ± 1.227576655
Drosophila	planitibia	2	NA	NA	NA	NA	NA	NA	NA	NA	NA	NA	NA	NA	8.25 ± 2.333452378
Drosophila	setosimentum	3	NA	NA	NA	NA	NA	NA	NA	NA	NA	NA	NA	NA	9.866666667 ± 0.1527525232
Drosophila	silvestris	2	NA	NA	NA	NA	NA	NA	NA	NA	NA	NA	NA	NA	12 ± 2.687005769
Drosophila	tanythrix	4	NA	NA	NA	NA	NA	NA	NA	NA	NA	NA	NA	NA	10.55 ± 0.8582928793
Drosophila	villosipedis	6	NA	NA	NA	NA	NA	NA	NA	NA	NA	NA	NA	NA	10.02166667 ± 0.4256955093
Scaptomyza	caliginosa	2	NA	NA	NA	NA	NA	NA	NA	NA	NA	NA	NA	NA	7.75 ± 0.3535533906
Scaptomyza	palmae / anomala	2	NA	NA	NA	NA	NA	NA	NA	NA	NA	NA	NA	NA	9.4 ± 1.555634919